gmm,parzen
0.9822104018912521,0.9817375886524823
0.9886524822695035,0.9893617021276596
0.9825059101654838,0.9809101654846336
0.9887115839243499,0.9802009456264775
0.9861111111111112,0.9831560283687945
0.9816193853427896,0.9742316784869973
0.9858747044917257,0.9794917257683216
0.9869385342789595,0.9851063829787234
0.9875886524822688,0.9782505910165487
0.9731678486997636,0.9823286052009458
