gmm,parzen
0.37472636815920407,0.6975124378109456
0.5355223880597015,0.767661691542289
0.5838805970149253,0.7457711442786071
0.5449751243781095,0.7347263681592042
0.5212935323383086,0.7114427860696522
0.5097512437810946,0.7165174129353237
0.7022885572139304,0.7506467661691545
0.46975124378109456,0.6921393034825873
0.49890547263681595,0.7448756218905472
0.5,0.6599004975124382
