gmm,parzen
0.9427514346118993,0.8759438236182431
0.9497130776200553,0.8921473874962237
0.9621564482029602,0.9185140440954419
0.9497583811537332,0.8797493204469974
0.9498036846874048,0.8819842947749932
0.9290697674418601,0.8620960434913932
0.9413319238900616,0.8737239504681379
0.9546813651464828,0.8807006946541827
0.9519782543038366,0.8752491694352178
0.9636363636363676,0.9045756569012429
