gmm,parzen
0.8317653581725466,0.9897471723220245
0.9505688622754509,0.9855744067420437
0.9497948547349788,0.9859303614992238
0.8157507207806499,0.9912419605233942
0.9814082945220648,0.990745176314053
0.7710822798846797,0.9867775559991045
0.952313151474812,0.9839288090485652
0.9725726325127522,0.983680416943883
0.9774828121534834,0.9884930139720591
0.939950099800399,0.9865025504546496
