gmm,parzen
0.7263869244067258,0.8613075593273608
0.6959767405311956,0.8356121326418362
0.7413955681282411,0.8716800251453721
0.6545654565456546,0.8438629577243426
0.7703913248467703,0.8661008958038656
0.7244224422442246,0.8521923620933514
0.7232437529467225,0.859814552883859
0.7098852742417096,0.8578500707213573
0.7793493635077792,0.8444130127298438
0.7468961181832463,0.8154172560113154
