gmm,parzen
0.8340694502571944,0.589113186881683
0.769054445938448,0.5994106612288986
0.739875424083494,0.5880780224575042
0.7989154148226656,0.6027179930128267
0.680420625521291,0.6026133634903811
0.823791269297098,0.5956603235946233
0.7317172895462506,0.5998974482269376
0.7617296373140099,0.5812236756573823
0.7523471147481617,0.6125561363359774
0.7314204682059846,0.609317815513664
