gmm,parzen
0.8202766272843024,0.8276362146332052
0.8216063343871866,0.8427842299147941
0.8013624476252046,0.8463876959911948
0.8180380191783168,0.8315801419693343
0.8245479598436504,0.8453552647965071
0.8385038585609464,0.8487558601517707
0.8149688462882699,0.8214135067710594
0.8120432897998207,0.8375628196218162
0.817041743161652,0.836162810783885
0.8131068546200275,0.824655421067222
