gmm,parzen
0.8343530532797385,0.8377062181306102
0.8245900766021295,0.826120912953409
0.8301565714894488,0.8260877431572217
0.825933955920355,0.8282457902000366
0.8308762555521667,0.8311325676136145
0.8306772367750502,0.838731466376381
0.8219023179656617,0.8302088390470819
0.8269370909686666,0.8409226832153802
0.8207162464656583,0.817384189666903
0.8392370544818969,0.840355781244191