gmm,parzen
0.7719188114668339,0.6446058649448482
0.5,0.6720473500134521
0.7909006666068807,0.633455893342899
0.7818730756583865,0.6583266074791502
0.7501270439123546,0.6184497653424214
0.8458434221146086,0.6880399366275071
0.8056975458105411,0.6555166950647177
0.76623920126745,0.6652617104594507
0.7343437060951188,0.6391056108570232
0.7552088004065407,0.6418856305861957
